[
  {
    "id": "a1f5c8d2-4b3e-4f6a-9d2b-0c1e2f3a4b5c",
    "name": "Dr. Aisha Roy",
    "specialization": "Addiction & Relapse",
    "subSpecializations": ["Clinical Psychology", "AA 12-Step"],
    "experienceYears": 8,
    "credentials": ["MSc Clinical Psychology", "Certified AA 12-Step Facilitator"],
    "methods": ["CBT", "Motivational Interviewing", "AA 12-Step"],
    "languages": ["English", "Hindi", "Kannada"],
    "location": { "city": "Bangalore", "state": "Karnataka", "country": "India" },
    "contact": { "email": "aisha.roy@zensoul.com", "phone": "+91-9876543210" },
    "availability": ["Mon 09:00-17:00", "Wed 10:00-18:00", "Fri 09:00-17:00"],
    "feePerSessionINR": 2000, 
    "bio": "Experienced clinical psychologist specializing in addiction recovery, integrating AA 12-Step with evidence-based therapies."
  },
  {
    "id": "b2e6d9f3-5c4a-4e7b-8f3c-1d2a3b4c5d6e",
    "name": "Mr. Vikram Patel",
    "specialization": "Addiction & Relapse",
    "subSpecializations": ["Clinical Psychology", "AA 12-Step"],
    "experienceYears": 6,
    "credentials": ["MA Counselling Psychology", "AA Sponsor"],
    "methods": ["DBT", "Solution-Focused Therapy", "AA 12-Step"],
    "languages": ["English", "Gujarati", "Hindi"],
    "location": { "city": "Ahmedabad", "state": "Gujarat", "country": "India" },
    "contact": { "email": "vikram.patel@zensoul.com", "phone": "+91-9123456789" },
    "availability": ["Tue 09:00-16:00", "Thu 11:00-19:00"],
    "feePerSessionINR": 1800,
    "bio": "Guide in relapse prevention combining clinical practice with lived AA sponsorship experience."
  },
  {
    "id": "c3f7e0a4-6d5b-4f8c-9e4d-2e3b4c5d6f7a",
    "name": "Dr. Neha Singh",
    "specialization": "Addiction & Relapse",
    "subSpecializations": ["Clinical Psychology", "AA 12-Step"],
    "experienceYears": 10,
    "credentials": ["PhD Clinical Psychology", "Certified AA 12-Step Facilitator"],
    "methods": ["EMDR", "CBT", "AA 12-Step"],
    "languages": ["English", "Hindi"],
    "location": { "city": "Delhi", "state": "Delhi", "country": "India" },
    "contact": { "email": "neha.singh@zensoul.com", "phone": "+91-9988776655" },
    "availability": ["Mon 10:00-18:00", "Fri 12:00-20:00"],
    "feePerSessionINR": 2500,
    "bio": "PhD-level clinician with a decade of experience in trauma-informed addiction recovery and AA integration."
  },
  {
    "id": "d4g8f1b5-7e6c-4g9d-0f5e-3f4c5d6e7g8h",
    "name": "Mr. Rohit Mehta",
    "specialization": "Addiction & Relapse",
    "subSpecializations": ["Clinical Psychology", "AA 12-Step"],
    "experienceYears": 7,
    "credentials": ["MSc Clinical Psychology", "AA Group Facilitator"],
    "methods": ["Motivational Interviewing", "Family Systems Therapy", "AA 12-Step"],
    "languages": ["English", "Marathi", "Hindi"],
    "location": { "city": "Pune", "state": "Maharashtra", "country": "India" },
    "contact": { "email": "rohit.mehta@zensoul.com", "phone": "+91-9012345678" },
    "availability": ["Wed 09:00-17:00", "Sat 10:00-14:00"],
    "feePerSessionINR": 1900,
    "bio": "Focused on relapse prevention and family therapy within addiction recovery, blending AA principles with systemic approaches."
  },
  {
    "id": "e5h9g2c6-8f7d-5h0e-1g6f-4g5d6e7f8h9j",
    "name": "Dr. Priya Khanna",
    "specialization": "Addiction & Relapse",
    "subSpecializations": ["Clinical Psychology", "AA 12-Step"],
    "experienceYears": 9,
    "credentials": ["PhD Clinical Psychology", "AA Certified Counselor"],
    "methods": ["CBT", "DBT", "AA 12-Step"],
    "languages": ["English", "Hindi", "Punjabi"],
    "location": { "city": "Chandigarh", "state": "Chandigarh", "country": "India" },
    "contact": { "email": "priya.khanna@zensoul.com", "phone": "+91-9098765432" },
    "availability": ["Tue 10:00-18:00", "Thu 09:00-17:00"],
    "feePerSessionINR": 2300,
    "bio": "Combines rigorous clinical methods with compassionate AA facilitation to support lasting recovery."
  },
  {
    "id": "f6i0h3d7-9g8e-6i1f-2h7g-5h6e7f8i9j0k",
    "name": "Mr. Sanjay Verma",
    "specialization": "Addiction & Relapse",
    "subSpecializations": ["Clinical Psychology", "AA 12-Step"],
    "experienceYears": 5,
    "credentials": ["MA Counselling Psychology", "AA Sponsor"],
    "methods": ["Solution-Focused Therapy", "AA 12-Step", "Motivational Interviewing"],
    "languages": ["English", "Hindi"],
    "location": { "city": "Hyderabad", "state": "Telangana", "country": "India" },
    "contact": { "email": "sanjay.verma@zensoul.com", "phone": "+91-9123456000" },
    "availability": ["Mon 11:00-19:00", "Fri 11:00-19:00"],
    "feePerSessionINR": 1700,
    "bio": "Early career counsellor focused on strengths-based approaches and AA mentorship."
  },
  {
    "id": "g7j1i4e8-0h9f-7j2g-3i8h-6i7f8g9j0k1l",
    "name": "Dr. Rahul Sharma",
    "specialization": "Clinical Psychology",
    "subSpecializations": ["Anxiety", "Depression"],
    "experienceYears": 12,
    "credentials": ["PhD Clinical Psychology"],
    "methods": ["CBT", "DBT", "Mindfulness-Based Stress Reduction"],
    "languages": ["English", "Hindi"],
    "location": { "city": "Mumbai", "state": "Maharashtra", "country": "India" },
    "contact": { "email": "rahul.sharma@zensoul.com", "phone": "+91-9987665544" },
    "availability": ["Tue 09:00-17:00", "Thu 10:00-18:00"],
    "feePerSessionINR": 2400,
    "bio": "Seasoned clinician specializing in mood disorders, with extensive work in anxiety management."
  },
  {
    "id": "h8k2j5f9-1i0g-8k3h-4j9i-7j8g9h0k1l2m",
    "name": "Dr. Meera Nair",
    "specialization": "Clinical Psychology",
    "subSpecializations": ["Trauma", "PTSD"],
    "experienceYears": 11,
    "credentials": ["MPhil Clinical Psychology", "Certified EMDR Therapist"],
    "methods": ["EMDR", "Trauma-Focused CBT", "Mindfulness"],
    "languages": ["English", "Malayalam", "Hindi"],
    "location": { "city": "Kochi", "state": "Kerala", "country": "India" },
    "contact": { "email": "meera.nair@zensoul.com", "phone": "+91-9876501234" },
    "availability": ["Mon 10:00-18:00", "Wed 12:00-20:00"],
    "feePerSessionINR": 2600,
    "bio": "Leads trauma recovery programs using EMDR and trauma-informed CBT for professional populations."
  },
  {
    "id": "i9l3k6g0-2j1h-9l4i-5k0j-8k9h0i1l2m3n",
    "name": "Dr. Anita Desai",
    "specialization": "Clinical Psychology",
    "subSpecializations": ["Child & Adolescent", "Behavioral Issues"],
    "experienceYears": 9,
    "credentials": ["PhD Child Psychology"],
    "methods": ["Play Therapy", "Family Therapy", "CBT"],
    "languages": ["English", "Hindi", "Marathi"],
    "location": { "city": "Nagpur", "state": "Maharashtra", "country": "India" },
    "contact": { "email": "anita.desai@zensoul.com", "phone": "+91-9123409876" },
    "availability": ["Tue 09:00-17:00", "Thu 09:00-17:00"],
    "feePerSessionINR": 2200,
    "bio": "Expert in developmental and behavioral therapies for children and adolescents."
  },
  {
    "id": "j0m4l7h1-3k2i-0m5j-6l1i-9l0j2k3m4n5o",
    "name": "Dr. Vikram Gupta",
    "specialization": "Clinical Psychology",
    "subSpecializations": ["OCD", "Panic Disorder"],
    "experienceYears": 10,
    "credentials": ["MSc Clinical Psychology", "Certified ERP Trainer"],
    "methods": ["Exposure & Response Prevention", "CBT", "Mindfulness"],
    "languages": ["English", "Hindi"],
    "location": { "city": "Delhi", "state": "Delhi", "country": "India" },
    "contact": { "email": "vikram.gupta@zensoul.com", "phone": "+91-9987001122" },
    "availability": ["Mon 11:00-19:00", "Fri 11:00-19:00"],
    "feePerSessionINR": 2300,
    "bio": "Specialist in OCD and panic disorder, focusing on ERP and CBT for sustained relief."
  }
]
